{
	"homeInfo":{
		"title":"交易平台管理",
		"href":"static/pages/welcome.html"
	},
	"logoInfo":{
		"title":"旧货交易",
		"image":"images/favicon.icon",
		"href":"static/pages/welcome.html"
	},
	"menuInfo":[
		{
			"title":"数据统计",
			"icon":"",
			"href":"static/pages/welcome.html",
			"target":"_self",
			"child":[
				{
					"title":"总览",
					"href":"static/pages/welcome.html",
					"icon":"fa fa-bar-chart",
					"target":"_self"
				}
			]
		},
		{
			"title":"管理",
			"icon":"",
			"href":"static/pages/personList.html",
			"target":"_self",
			"child":[
				{
					"title":"普通用户管理",
					"href":"static/pages/personList.html",
					"icon":"fa fa-user",
					"target":"_self"
				},
				{
					"title":"订单处理",
					"href":"static/pages/order.html",
					"icon":"fa fa-jpy",
					"target":"_self"
				},
				{
					"title":"商品管理",
					"href":"static/pages/goodsList.html",
					"icon":"fa fa-tasks",
					"target":"_self"
				}
			]
		}
		
	]
}